epoch,acc,loss
0,0.9688026011111125,0.08250480689729271
