epoch,acc,loss
0,0.963849396299207,0.11792623465380317
